Topic,Subtopic
Quadratics,Completing the square
Quadratics,Quadratic formula & inequalities
Quadratics,Simultaneous equations
Quadratics,Complex quadratics
Quadratics,Discriminants
Quadratics,Quadratic curves
Functions,Composite functions
Functions,Inverse functions & graphs
Functions,Transformations of functions
Coordinate Geometry,Circle equation
Coordinate Geometry,Straight-line equations
Coordinate Geometry,Parallel & perpendicular lines
Coordinate Geometry,Length of line segment and midpoint
Circular Measure,Radian conversion
Circular Measure,Arc length
Circular Measure,Area of sector
Trigonometry,Graphs of trigonometric functions
Trigonometry,Inverse trigonometric functions
Trigonometry,Trigonometric equations & identities
Series,Binomial expansion & coefficients
Series,Arithmetic & geometric progressions
Differentiation,Derivative & gradient functions
Differentiation,Chain rule
Differentiation,Tangents & normals
Differentiation,Second derivative
Differentiation,Second derivative & stationary points
Differentiation,Increasing & decreasing functions
Differentiation,Stationary points
Differentiation,Rates of change
Integration,Integration as reverse of differentiation
Integration,Constant of integration
Integration,Integration of expressions
Integration,Definite & indefinite integration
Integration,Area under a curve & line
Integration,Improper integrals
Integration,Integration with volume
